{
  "name": "arioch-redis",
  "version": "1.2.3",
  "author": "Tom De Vylder",
  "summary": "Redis module",
  "license": "Apache-2.0",
  "source": "https://github.com/arioch/puppet-redis",
  "project_page": "http://arioch.github.io/puppet-redis/",
  "issues_url": "https://github.com/arioch/puppet-redis/issues",
  "dependencies": [
    {"name":"puppetlabs/apt","version_requirement":">= 2.0.1 <3.0.0"},
    {"name":"puppetlabs/stdlib","version_requirement":">= 1.0.2 <5.0.0"},
    {"name":"stahnma/epel","version_requirement":">= 1.0.2 <2.0.0"}
  ],
  "data_provider": null,
  "description": "Redis module with cluster support",
  "tags": [
    "cluster",
    "failover",
    "loadbalancing",
    "redis",
    "sentinel"
  ],
  "operatingsystem_support": [
    {
      "operatingsystem": "Debian",
      "operatingsystemrelease": [
        "6.0",
        "6.1",
        "6.2",
        "6.3",
        "6.4",
        "6.5",
        "6.6",
        "6.6",
        "6.7",
        "6.9",
        "7.0",
        "7.1",
        "7.2",
        "7.3",
        "7.4",
        "7.5"
      ]
    },
    {
      "operatingsystem": "Ubuntu",
      "operatingsystemrelease": [
        "14.04",
        "14.10"
      ]
    },
    {
      "operatingsystem": "RedHat",
      "operatingsystemrelease": [
        "6.0",
        "6.1",
        "6.2",
        "6.3",
        "6.4",
        "6.5",
        "7.0",
        "7.1"
      ]
    },
    {
      "operatingsystem": "CentOS",
      "operatingsystemrelease": [
        "6.0",
        "6.1",
        "6.2",
        "6.3",
        "6.4",
        "6.5",
        "7.0",
        "7.1"
      ]
    }
  ]
}
