{
  "LICENSE": "a300b604c66de62cf6e923cca89c9d83",
  "README.md": "3905b3902659a53f7536327984714beb",
  "Rakefile": "e90d68823ff237c89224eb139f8926ad",
  "manifests/mount.pp": "250fff1ab52c829cbfd21133813f71a3",
  "manifests/plugin.pp": "baf99f22dd0134aebb91e34feb8bcd68",
  "manifests/port.pp": "f22293e34c5bd014870d3672aa608421",
  "manifests/process.pp": "4fe802292b5688a43d62d9b63a6cc2f6",
  "manifests/url.pp": "9212a46846efb7bd8b3585eabaa97da5",
  "metadata.json": "2fb7eeac3ce948d28d7ece57242064e1",
  "spec/defines/monitor_mount_spec.rb": "8c151aa06d367b797a8d7bdb48b0ea9b",
  "spec/defines/monitor_plugin_spec.rb": "996742ea2197489b90165d39a1ccad0e",
  "spec/defines/monitor_port_spec.rb": "80cd1a93b3fcf41e59909d1a97e1a6ba",
  "spec/defines/monitor_process_spec.rb": "a2c4ffaf9867d1cd36d5e581c241bf8a",
  "spec/defines/monitor_url_spec.rb": "76bd54dfda80d515b46d8b93775df510",
  "spec/spec_helper.rb": "0db89c9a486df193c0e40095422e19dc"
}