{
  "name": "petems-swap_file",
  "version": "3.0.2",
  "author": "Peter Souter",
  "summary": "Create swap files for Linux systems with Puppet",
  "license": "Apache-2.0",
  "source": "https://github.com/petems/petems-swap_file",
  "project_page": "https://github.com/petems/petems-swap_file",
  "issues_url": "https://github.com/petems/petems-swap_file/issues",
  "operatingsystem_support": [
    {
      "operatingsystem": "RedHat",
      "operatingsystemrelease": [
        "5",
        "6",
        "7"
      ]
    },
    {
      "operatingsystem": "CentOS",
      "operatingsystemrelease": [
        "5",
        "6",
        "7"
      ]
    },
    {
      "operatingsystem": "Debian",
      "operatingsystemrelease": [
        "6",
        "7"
      ]
    },
    {
      "operatingsystem": "Ubuntu",
      "operatingsystemrelease": [
        "10.04",
        "12.04",
        "14.04"
      ]
    }
  ],
  "requirements": [
    {
      "name": "pe",
      "version_requirement": ">= 3.3.0 < 2015.4.0"
    },
    {
      "name": "puppet",
      "version_requirement": ">= 3.0.0 < 5.0.0"
    }
  ],
  "dependencies": [
    {
      "name": "puppetlabs/stdlib",
      "version_requirement": ">= 4.7.0"
    },
    {
      "name": "fiddyspence/sysctl",
      "version_requirement": "1.1.0"
    }
  ]
}
